Sector,Orbit,Orbit_Start,Orbit_End,Camera,Cam_RA,Cam_Dec,Cam_Roll,ID
1.0,9.0,58324.81597222222,58338.02777777778,1,324.57,-33.17,289.92,9.0_1
1.0,9.0,58324.81597222222,58338.02777777778,2,338.58,-55.08,299.88,9.0_2
1.0,9.0,58324.81597222222,58338.02777777778,3,19.49,-71.98,157.19,9.0_3
1.0,9.0,58324.81597222222,58338.02777777778,4,90.00,-66.56,224.19,9.0_4
1.0,10.0,58339.15972222222,58352.68402777778,1,324.57,-33.17,289.92,10.0_1
1.0,10.0,58339.15972222222,58352.68402777778,2,338.58,-55.08,299.88,10.0_2
1.0,10.0,58339.15972222222,58352.68402777778,3,19.49,-71.98,157.19,10.0_3
1.0,10.0,58339.15972222222,58352.68402777778,4,90.00,-66.56,224.19,10.0_4
2.0,11.0,58353.60763888889,58366.65972222222,1,352.08,-23.06,294.47,11.0_1
2.0,11.0,58353.60763888889,58366.65972222222,2,5.70,-44.31,302.18,11.0_2
2.0,11.0,58353.60763888889,58366.65972222222,3,33.36,-62.19,144.76,11.0_3
2.0,11.0,58353.60763888889,58366.65972222222,4,90.00,-66.57,196.63,11.0_4
2.0,12.0,58368.100694444445,58381.020833333336,1,352.08,-23.06,294.47,12.0_1
2.0,12.0,58368.100694444445,58381.020833333336,2,5.70,-44.31,302.18,12.0_2
2.0,12.0,58368.100694444445,58381.020833333336,3,33.36,-62.19,144.76,12.0_3
2.0,12.0,58368.100694444445,58381.020833333336,4,90.00,-66.57,196.63,12.0_4
3.0,13.0,58382.225694444445,58394.947916666664,1,17.17,-12.22,293.55,13.0_1
3.0,13.0,58382.225694444445,58394.947916666664,2,28.46,-33.91,298.06,13.0_2
3.0,13.0,58382.225694444445,58394.947916666664,3,47.39,-53.85,131.45,13.0_3
3.0,13.0,58382.225694444445,58394.947916666664,4,90.00,-66.57,169.06,13.0_4
3.0,14.0,58396.166666666664,58408.875,1,17.17,-12.22,293.55,14.0_1
3.0,14.0,58396.166666666664,58408.875,2,28.46,-33.91,298.06,14.0_2
3.0,14.0,58396.166666666664,58408.875,3,47.39,-53.85,131.45,14.0_3
3.0,14.0,58396.166666666664,58408.875,4,90.00,-66.57,169.06,14.0_4
4.0,15.0,58410.40625,58423.01736111111,1,41.81,-2.76,288.16,15.0_1
4.0,15.0,58410.40625,58423.01736111111,2,49.88,-25.47,290.17,15.0_2
4.0,15.0,58410.40625,58423.01736111111,3,61.87,-47.52,117.45,15.0_3
4.0,15.0,58410.40625,58423.01736111111,4,90.00,-66.56,141.52,15.0_4
4.0,16.0,58424.055555555555,58436.35763888889,1,41.81,-2.76,288.16,16.0_1
4.0,16.0,58424.055555555555,58436.35763888889,2,49.88,-25.47,290.17,16.0_2
4.0,16.0,58424.055555555555,58436.35763888889,3,61.87,-47.52,117.45,16.0_3
4.0,16.0,58424.055555555555,58436.35763888889,4,90.00,-66.56,141.52,16.0_4
5.0,17.0,58437.48263888889,58449.70486111111,1,67.06,3.53,279.38,17.0_1
5.0,17.0,58437.48263888889,58449.70486111111,2,71.11,-20.13,279.98,17.0_2
5.0,17.0,58437.48263888889,58449.70486111111,3,76.70,-43.68,103.00,17.0_3
5.0,17.0,58437.48263888889,58449.70486111111,4,90.00,-66.56,114.14,17.0_4
5.0,18.0,58451.055555555555,58463.79513888889,1,67.06,3.53,279.38,18.0_1
5.0,18.0,58451.055555555555,58463.79513888889,2,71.11,-20.13,279.98,18.0_2
5.0,18.0,58451.055555555555,58463.79513888889,3,76.70,-43.68,103.00,18.0_3
5.0,18.0,58451.055555555555,58463.79513888889,4,90.00,-66.56,114.14,18.0_4
6.0,19.0,58464.711805555555,58476.52777777778,1,92.81,5.41,268.82,19.0_1
6.0,19.0,58464.711805555555,58476.52777777778,2,92.31,-18.59,268.76,19.0_2
6.0,19.0,58464.711805555555,58476.52777777778,3,91.62,-42.58,88.41,19.0_3
6.0,19.0,58464.711805555555,58476.52777777778,4,89.99,-66.56,87.05,19.0_4
6.0,20.0,58477.61111111111,58489.552083333336,1,92.81,5.41,268.82,20.0_1
6.0,20.0,58477.61111111111,58489.552083333336,2,92.31,-18.59,268.76,20.0_2
6.0,20.0,58477.61111111111,58489.552083333336,3,91.62,-42.58,88.41,20.0_3
6.0,20.0,58477.61111111111,58489.552083333336,4,89.99,-66.56,87.05,20.0_4
7.0,21.0,58491.131944444445,58502.54513888889,1,118.18,2.57,258.61,21.0_1
7.0,21.0,58491.131944444445,58502.54513888889,2,113.25,-20.93,257.80,21.0_2
7.0,21.0,58491.131944444445,58502.54513888889,3,106.36,-44.24,74.01,21.0_3
7.0,21.0,58491.131944444445,58502.54513888889,4,90.00,-66.56,60.26,21.0_4
7.0,22.0,58504.20486111111,58515.59375,1,118.18,2.57,258.61,22.0_1
7.0,22.0,58504.20486111111,58515.59375,2,113.25,-20.93,257.80,22.0_2
7.0,22.0,58504.20486111111,58515.59375,3,106.36,-44.24,74.01,22.0_3
7.0,22.0,58504.20486111111,58515.59375,4,90.00,-66.56,60.26,22.0_4
8.0,23.0,58516.84722222222,58528.572916666664,1,142.37,-4.18,250.66,23.0_1
8.0,23.0,58516.84722222222,58528.572916666664,2,133.69,-26.70,248.30,23.0_2
8.0,23.0,58516.84722222222,58528.572916666664,3,120.60,-48.42,60.15,23.0_3
8.0,23.0,58516.84722222222,58528.572916666664,4,90.00,-66.56,33.85,23.0_4
8.0,24.0,58529.76388888889,58541.506944444445,1,142.37,-4.18,250.66,24.0_1
8.0,24.0,58529.76388888889,58541.506944444445,2,133.69,-26.70,248.30,24.0_2
8.0,24.0,58529.76388888889,58541.506944444445,3,120.60,-48.42,60.15,24.0_3
8.0,24.0,58529.76388888889,58541.506944444445,4,90.00,-66.56,33.85,24.0_4
9.0,25.0,58542.72222222222,58555.04861111111,1,165.70,-13.46,246.09,25.0_1
9.0,25.0,58542.72222222222,58555.04861111111,2,154.09,-35.04,241.22,25.0_2
9.0,25.0,58542.72222222222,58555.04861111111,3,134.27,-54.73,46.95,25.0_3
9.0,25.0,58542.72222222222,58555.04861111111,4,90.00,-66.56,7.72,25.0_4
9.0,26.0,58556.229166666664,58567.98263888889,1,165.70,-13.46,246.09,26.0_1
9.0,26.0,58556.229166666664,58567.98263888889,2,154.09,-35.04,241.22,26.0_2
9.0,26.0,58556.229166666664,58567.98263888889,3,134.27,-54.73,46.95,26.0_3
9.0,26.0,58556.229166666664,58567.98263888889,4,90.00,-66.56,7.72,26.0_4
10.0,27.0,58568.9375,58581.291666666664,1,189.90,-23.89,245.67,27.0_1
10.0,27.0,58568.9375,58581.291666666664,2,176.16,-45.14,237.72,27.0_2
10.0,27.0,58568.9375,58581.291666666664,3,147.70,-62.89,34.26,27.0_3
10.0,27.0,58568.9375,58581.291666666664,4,90.00,-66.56,341.28,27.0_4
10.0,28.0,58582.26736111111,58595.1875,1,189.90,-23.89,245.67,28.0_1
10.0,28.0,58582.26736111111,58595.1875,2,176.16,-45.14,237.72,28.0_2
10.0,28.0,58582.26736111111,58595.1875,3,147.70,-62.89,34.26,28.0_3
10.0,28.0,58582.26736111111,58595.1875,4,90.00,-66.56,341.28,28.0_4
11.0,29.0,58596.27777777778,58609.20138888889,1,217.30,-33.73,250.57,29.0_1
11.0,29.0,58596.27777777778,58609.20138888889,2,203.40,-55.72,240.58,29.0_2
11.0,29.0,58596.27777777778,58609.20138888889,3,161.39,-72.63,22.06,29.0_3
11.0,29.0,58596.27777777778,58609.20138888889,4,90.00,-66.56,314.08,29.0_4
11.0,30.0,58610.28125,58623.399305555555,1,217.30,-33.73,250.57,30.0_1
11.0,30.0,58610.28125,58623.399305555555,2,203.40,-55.72,240.58,30.0_2
11.0,30.0,58610.28125,58623.399305555555,3,161.39,-72.63,22.06,30.0_3
11.0,30.0,58610.28125,58623.399305555555,4,90.00,-66.56,314.08,30.0_4
12.0,31.0,58624.45486111111,58638.50347222222,1,249.34,-40.26,261.51,31.0_1
12.0,31.0,58624.45486111111,58638.50347222222,2,241.52,-63.82,255.21,31.0_2
12.0,31.0,58624.45486111111,58638.50347222222,3,177.30,-83.38,12.37,31.0_3
12.0,31.0,58624.45486111111,58638.50347222222,4,90.01,-66.56,286.45,31.0_4
12.0,32.0,58639.538194444445,58652.399305555555,1,249.34,-40.26,261.51,32.0_1
12.0,32.0,58639.538194444445,58652.399305555555,2,241.52,-63.82,255.21,32.0_2
12.0,32.0,58639.538194444445,58652.399305555555,3,177.30,-83.38,12.37,32.0_3
12.0,32.0,58639.538194444445,58652.399305555555,4,90.01,-66.56,286.45,32.0_4
13.0,33.0,58653.42013888889,58667.197916666664,1,284.05,-40.90,275.82,33.0_1
13.0,33.0,58653.42013888889,58667.197916666664,2,289.59,-64.68,280.33,33.0_2
13.0,33.0,58653.42013888889,58667.197916666664,3,357.94,-85.50,167.75,33.0_3
13.0,33.0,58653.42013888889,58667.197916666664,4,90.01,-66.56,258.88,33.0_4
13.0,34.0,58668.125,58681.864583333336,1,284.05,-40.90,275.82,34.0_1
13.0,34.0,58668.125,58681.864583333336,2,289.59,-64.68,280.33,34.0_2
13.0,34.0,58668.125,58681.864583333336,3,357.94,-85.50,167.75,34.0_3
13.0,34.0,58668.125,58681.864583333336,4,90.01,-66.56,258.88,34.0_4
14.0,35.0,58682.854166666664,58695.895833333336,1,297.76,29.19,106.40,35.0_1
14.0,35.0,58682.854166666664,58695.895833333336,2,287.05,51.83,113.50,35.0_2
14.0,35.0,58682.854166666664,58695.895833333336,3,256.18,71.57,321.23,35.0_3
14.0,35.0,58682.854166666664,58695.895833333336,4,174.64,71.30,39.75,35.0_4
14.0,36.0,58696.84375,58709.711805555555,1,297.76,29.19,106.40,36.0_1
14.0,36.0,58696.84375,58709.711805555555,2,287.05,51.83,113.50,36.0_2
14.0,36.0,58696.84375,58709.711805555555,3,256.18,71.57,321.23,36.0_3
14.0,36.0,58696.84375,58709.711805555555,4,174.64,71.30,39.75,36.0_4
15.0,37.0,58710.864583333336,58723.364583333336,1,316.91,35.57,116.28,37.0_1
15.0,37.0,58710.864583333336,58723.364583333336,2,298.18,55.90,129.96,37.0_2
15.0,37.0,58710.864583333336,58723.364583333336,3,252.38,68.63,351.20,37.0_3
15.0,37.0,58710.864583333336,58723.364583333336,4,196.75,60.86,42.32,37.0_4
15.0,38.0,58724.44097222222,58736.916666666664,1,316.91,35.57,116.28,38.0_1
15.0,38.0,58724.44097222222,58736.916666666664,2,298.18,55.90,129.96,38.0_2
15.0,38.0,58724.44097222222,58736.916666666664,3,252.38,68.63,351.20,38.0_3
15.0,38.0,58724.44097222222,58736.916666666664,4,196.75,60.86,42.32,38.0_4
16.0,39.0,58738.15277777778,58749.864583333336,1,336.08,44.14,123.65,39.0_1
16.0,39.0,58738.15277777778,58749.864583333336,2,307.85,61.55,146.58,39.0_2
16.0,39.0,58738.15277777778,58749.864583333336,3,252.91,65.50,16.51,39.0_3
16.0,39.0,58738.15277777778,58749.864583333336,4,214.06,51.57,50.23,39.0_4
16.0,40.0,58751.15625,58762.82638888889,1,336.08,44.14,123.65,40.0_1
16.0,40.0,58751.15625,58762.82638888889,2,307.85,61.55,146.58,40.0_2
16.0,40.0,58751.15625,58762.82638888889,3,252.91,65.50,16.51,40.0_3
16.0,40.0,58751.15625,58762.82638888889,4,214.06,51.57,50.23,40.0_4
17.0,41.0,58764.18402777778,58775.802083333336,1,17.39,26.89,113.52,41.0_1
17.0,41.0,58764.18402777778,58775.802083333336,2,3.29,48.23,122.30,41.0_2
17.0,41.0,58764.18402777778,58775.802083333336,3,331.60,65.56,329.33,41.0_3
17.0,41.0,58764.18402777778,58775.802083333336,4,270.00,66.57,26.51,41.0_4
17.0,42.0,58777.229166666664,58789.20138888889,1,17.39,26.89,113.52,42.0_1
17.0,42.0,58777.229166666664,58789.20138888889,2,3.29,48.23,122.30,42.0_2
17.0,42.0,58777.229166666664,58789.20138888889,3,331.60,65.56,329.33,42.0_3
17.0,42.0,58777.229166666664,58789.20138888889,4,270.00,66.57,26.51,42.0_4
18.0,43.0,58790.15625,58801.947916666664,1,44.14,35.61,107.46,43.0_1
18.0,43.0,58790.15625,58801.947916666664,2,30.86,57.93,117.35,43.0_2
18.0,43.0,58790.15625,58801.947916666664,3,344.62,75.00,340.53,43.0_3
18.0,43.0,58790.15625,58801.947916666664,4,270.00,66.56,52.16,43.0_4
18.0,44.0,58802.947916666664,58814.538194444445,1,44.14,35.61,107.46,44.0_1
18.0,44.0,58802.947916666664,58814.538194444445,2,30.86,57.93,117.35,44.0_2
18.0,44.0,58802.947916666664,58814.538194444445,3,344.62,75.00,340.53,44.0_3
18.0,44.0,58802.947916666664,58814.538194444445,4,270.00,66.56,52.16,44.0_4
19.0,45.0,58815.583333333336,58827.5,1,75.35,40.85,96.07,45.0_1
19.0,45.0,58815.583333333336,58827.5,2,69.59,64.62,100.76,45.0_2
19.0,45.0,58815.583333333336,58827.5,3,1.54,85.31,347.82,45.0_3
19.0,45.0,58815.583333333336,58827.5,4,270.00,66.56,78.40,45.0_4
19.0,46.0,58828.46527777778,58840.65625,1,75.35,40.85,96.07,46.0_1
19.0,46.0,58828.46527777778,58840.65625,2,69.59,64.62,100.76,46.0_2
19.0,46.0,58828.46527777778,58840.65625,3,1.54,85.31,347.82,46.0_3
19.0,46.0,58828.46527777778,58840.65625,4,270.00,66.56,78.40,46.0_4
20.0,47.0,58842.00347222222,58854.364583333336,1,110.05,40.33,81.75,47.0_1
20.0,47.0,58842.00347222222,58854.364583333336,2,117.67,63.91,75.61,47.0_2
20.0,47.0,58842.00347222222,58854.364583333336,3,182.33,83.58,192.29,47.0_3
20.0,47.0,58842.00347222222,58854.364583333336,4,270.00,66.56,105.95,47.0_4
20.0,48.0,58855.895833333336,58868.32986111111,1,110.05,40.33,81.75,48.0_1
20.0,48.0,58855.895833333336,58868.32986111111,2,117.67,63.91,75.61,48.0_2
20.0,48.0,58855.895833333336,58868.32986111111,3,182.33,83.58,192.29,48.0_3
20.0,48.0,58855.895833333336,58868.32986111111,4,270.00,66.56,105.95,48.0_4
21.0,49.0,58869.93402777778,58883.5,1,143.64,33.45,70.32,49.0_1
21.0,49.0,58869.93402777778,58883.5,2,157.60,55.40,60.34,49.0_2
21.0,49.0,58869.93402777778,58883.5,3,199.06,72.30,202.43,49.0_3
21.0,49.0,58869.93402777778,58883.5,4,270.00,66.56,134.95,49.0_4
21.0,50.0,58884.42361111111,58897.288194444445,1,143.64,33.45,70.32,50.0_1
21.0,50.0,58884.42361111111,58897.288194444445,2,157.60,55.40,60.34,50.0_2
21.0,50.0,58884.42361111111,58897.288194444445,3,199.06,72.30,202.43,50.0_3
21.0,50.0,58884.42361111111,58897.288194444445,4,270.00,66.56,134.95,50.0_4
22.0,51.0,58898.805555555555,58912.010416666664,1,172.75,22.78,65.49,51.0_1
22.0,51.0,58898.805555555555,58912.010416666664,2,186.32,44.03,57.86,51.0_2
22.0,51.0,58898.805555555555,58912.010416666664,3,213.72,61.95,215.57,51.0_3
22.0,51.0,58898.805555555555,58912.010416666664,4,270.00,66.56,164.08,51.0_4
22.0,52.0,58913.072916666664,58926.0,1,172.75,22.78,65.49,52.0_1
22.0,52.0,58913.072916666664,58926.0,2,186.32,44.03,57.86,52.0_2
22.0,52.0,58913.072916666664,58926.0,3,213.72,61.95,215.57,52.0_3
22.0,52.0,58913.072916666664,58926.0,4,270.00,66.56,164.08,52.0_4
23.0,53.0,58927.604166666664,58940.37847222222,1,198.43,11.69,66.62,53.0_1
23.0,53.0,58927.604166666664,58940.37847222222,2,209.58,33.41,62.26,53.0_2
23.0,53.0,58927.604166666664,58940.37847222222,3,228.13,53.47,229.25,53.0_3
23.0,53.0,58927.604166666664,58940.37847222222,4,270.00,66.56,192.35,53.0_4
23.0,54.0,58941.336805555555,58954.381944444445,1,198.43,11.69,66.62,54.0_1
23.0,54.0,58941.336805555555,58954.381944444445,2,209.58,33.41,62.26,54.0_2
23.0,54.0,58941.336805555555,58954.381944444445,3,228.13,53.47,229.25,54.0_3
23.0,54.0,58941.336805555555,58954.381944444445,4,270.00,66.56,192.35,54.0_4
24.0,55.0,58955.29513888889,58967.854166666664,1,233.47,31.76,68.84,55.0_1
24.0,55.0,58955.29513888889,58967.854166666664,2,247.74,53.46,58.98,55.0_2
24.0,55.0,58955.29513888889,58967.854166666664,3,286.20,70.30,204.43,55.0_3
24.0,55.0,58955.29513888889,58967.854166666664,4,354.22,66.46,140.21,55.0_4
24.0,56.0,58968.770833333336,58981.788194444445,1,233.47,31.76,68.84,56.0_1
24.0,56.0,58968.770833333336,58981.788194444445,2,247.74,53.46,58.98,56.0_2
24.0,56.0,58968.770833333336,58981.788194444445,3,286.20,70.30,204.43,56.0_3
24.0,56.0,58968.770833333336,58981.788194444445,4,354.22,66.46,140.21,56.0_4
25.0,57.0,58983.131944444445,58995.14236111111,1,252.26,27.06,79.35,57.0_1
25.0,57.0,58983.131944444445,58995.14236111111,2,259.05,50.49,75.01,57.0_2
25.0,57.0,58983.131944444445,58995.14236111111,3,279.77,72.71,236.40,57.0_3
25.0,57.0,58983.131944444445,58995.14236111111,4,22.74,76.64,135.42,57.0_4
25.0,58.0,58996.416666666664,59008.8125,1,252.26,27.06,79.35,58.0_1
25.0,58.0,58996.416666666664,59008.8125,2,259.05,50.49,75.01,58.0_2
25.0,58.0,58996.416666666664,59008.8125,3,279.77,72.71,236.40,58.0_3
25.0,58.0,58996.416666666664,59008.8125,4,22.74,76.64,135.42,58.0_4
26.0,59.0,59009.76736111111,59021.697916666664,1,270.53,25.56,90.32,59.0_1
26.0,59.0,59009.76736111111,59021.697916666664,2,270.33,49.56,90.44,59.0_2
26.0,59.0,59009.76736111111,59021.697916666664,3,269.69,73.56,271.02,59.0_3
26.0,59.0,59009.76736111111,59021.697916666664,4,92.83,82.43,87.82,59.0_4
26.0,60.0,59022.614583333336,59034.64236111111,1,270.53,25.56,90.32,60.0_1
26.0,60.0,59022.614583333336,59034.64236111111,2,270.33,49.56,90.44,60.0_2
26.0,60.0,59022.614583333336,59034.64236111111,3,269.69,73.56,271.02,60.0_3
26.0,60.0,59022.614583333336,59034.64236111111,4,92.83,82.43,87.82,60.0_4
27.0,61.0,59035.77777777778,59047.635416666664,1,301.60,-38.68,282.66,61.0_1
27.0,61.0,59035.77777777778,59047.635416666664,2,312.45,-61.74,291.17,61.0_2
27.0,61.0,59035.77777777778,59047.635416666664,3,8.60,-79.81,165.21,61.0_3
27.0,61.0,59035.77777777778,59047.635416666664,4,90.01,-66.56,244.53,61.0_4
27.0,62.0,59048.65277777778,59060.149305555555,1,301.60,-38.68,282.66,62.0_1
27.0,62.0,59048.65277777778,59060.149305555555,2,312.45,-61.74,291.17,62.0_2
27.0,62.0,59048.65277777778,59060.149305555555,3,8.60,-79.81,165.21,62.0_3
27.0,62.0,59048.65277777778,59060.149305555555,4,90.01,-66.56,244.53,62.0_4
28.0,63.0,59061.350694444445,59073.46875,1,329.49,-31.62,291.12,63.0_1
28.0,63.0,59061.350694444445,59073.46875,2,343.69,-53.32,300.91,63.0_2
28.0,63.0,59061.350694444445,59073.46875,3,21.86,-70.24,155.17,63.0_3
28.0,63.0,59061.350694444445,59073.46875,4,90.00,-66.56,219.52,63.0_4
28.0,64.0,59074.65625,59086.604166666664,1,329.49,-31.62,291.12,64.0_1
28.0,64.0,59074.65625,59086.604166666664,2,343.69,-53.32,300.91,64.0_2
28.0,64.0,59074.65625,59086.604166666664,3,21.86,-70.24,155.17,64.0_3
28.0,64.0,59074.65625,59086.604166666664,4,90.00,-66.56,219.52,64.0_4
29.0,65.0,59087.739583333336,59100.881944444445,1,355.01,-21.83,294.62,65.0_1
29.0,65.0,59087.739583333336,59100.881944444445,2,8.42,-43.07,301.96,65.0_2
29.0,65.0,59087.739583333336,59100.881944444445,3,34.93,-61.16,143.29,65.0_3
29.0,65.0,59087.739583333336,59100.881944444445,4,90.00,-66.57,193.50,65.0_4
29.0,66.0,59101.82638888889,59113.94097222222,1,355.01,-21.83,294.62,66.0_1
29.0,66.0,59101.82638888889,59113.94097222222,2,8.42,-43.07,301.96,66.0_2
29.0,66.0,59101.82638888889,59113.94097222222,3,34.93,-61.16,143.29,66.0_3
29.0,66.0,59101.82638888889,59113.94097222222,4,90.00,-66.57,193.50,66.0_4
30.0,67.0,59115.385416666664,59128.645833333336,1,19.83,-11.10,293.17,67.0_1
30.0,67.0,59115.385416666664,59128.645833333336,2,30.81,-32.88,297.36,67.0_2
30.0,67.0,59115.385416666664,59128.645833333336,3,48.93,-53.06,129.97,67.0_3
30.0,67.0,59115.385416666664,59128.645833333336,4,90.00,-66.57,166.08,67.0_4
30.0,68.0,59129.708333333336,59142.729166666664,1,19.83,-11.10,293.17,68.0_1
30.0,68.0,59129.708333333336,59142.729166666664,2,30.81,-32.88,297.36,68.0_2
30.0,68.0,59129.708333333336,59142.729166666664,3,48.93,-53.06,129.97,68.0_3
30.0,68.0,59129.708333333336,59142.729166666664,4,90.00,-66.57,166.08,68.0_4
31.0,69.0,59144.01388888889,59156.961805555555,1,45.34,-1.64,287.09,69.0_1
31.0,69.0,59144.01388888889,59156.961805555555,2,52.89,-24.50,288.84,69.0_2
31.0,69.0,59144.01388888889,59156.961805555555,3,63.95,-46.82,115.42,69.0_3
31.0,69.0,59144.01388888889,59156.961805555555,4,90.00,-66.56,137.62,69.0_4
31.0,70.0,59158.36111111111,59171.53472222222,1,45.34,-1.64,287.09,70.0_1
31.0,70.0,59158.36111111111,59171.53472222222,2,52.89,-24.50,288.84,70.0_2
31.0,70.0,59158.36111111111,59171.53472222222,3,63.95,-46.82,115.42,70.0_3
31.0,70.0,59158.36111111111,59171.53472222222,4,90.00,-66.56,137.62,70.0_4
32.0,71.0,59172.572916666664,59185.447916666664,1,72.12,4.28,277.38,71.0_1
32.0,71.0,59172.572916666664,59185.447916666664,2,75.29,-19.52,277.81,71.0_2
32.0,71.0,59172.572916666664,59185.447916666664,3,79.64,-43.24,100.12,71.0_3
32.0,71.0,59172.572916666664,59185.447916666664,4,90.00,-66.56,108.78,71.0_4
32.0,72.0,59186.444444444445,59199.739583333336,1,72.12,4.28,277.38,72.0_1
32.0,72.0,59186.444444444445,59199.739583333336,2,75.29,-19.52,277.81,72.0_2
32.0,72.0,59186.444444444445,59199.739583333336,3,79.64,-43.24,100.12,72.0_3
32.0,72.0,59186.444444444445,59199.739583333336,4,90.00,-66.56,108.78,72.0_4
33.0,73.0,59201.23263888889,59213.37152777778,1,99.23,5.13,266.15,73.0_1
33.0,73.0,59201.23263888889,59213.37152777778,2,97.58,-18.82,265.95,73.0_2
33.0,73.0,59201.23263888889,59213.37152777778,3,95.34,-42.74,84.78,73.0_3
33.0,73.0,59201.23263888889,59213.37152777778,4,90.00,-66.56,80.32,73.0_4
33.0,74.0,59214.93402777778,59227.07986111111,1,99.23,5.13,266.15,74.0_1
33.0,74.0,59214.93402777778,59227.07986111111,2,97.58,-18.82,265.95,74.0_2
33.0,74.0,59214.93402777778,59227.07986111111,3,95.34,-42.74,84.78,74.0_3
33.0,74.0,59214.93402777778,59227.07986111111,4,90.00,-66.56,80.32,74.0_4
34.0,75.0,59228.25,59240.413194444445,1,125.08,1.02,256.09,75.0_1
34.0,75.0,59228.25,59240.413194444445,2,119.02,-22.24,254.95,75.0_2
34.0,75.0,59228.25,59240.413194444445,3,110.40,-45.18,70.06,75.0_3
34.0,75.0,59228.25,59240.413194444445,4,90.00,-66.56,52.82,75.0_4
34.0,76.0,59241.48611111111,59253.572916666664,1,125.08,1.02,256.09,76.0_1
34.0,76.0,59241.48611111111,59253.572916666664,2,119.02,-22.24,254.95,76.0_2
34.0,76.0,59241.48611111111,59253.572916666664,3,110.40,-45.18,70.06,76.0_3
34.0,76.0,59241.48611111111,59253.572916666664,4,90.00,-66.56,52.82,76.0_4
35.0,77.0,59254.489583333336,59266.65625,1,149.12,-6.65,248.97,77.0_1
35.0,77.0,59254.489583333336,59266.65625,2,139.52,-28.87,245.98,77.0_2
35.0,77.0,59254.489583333336,59266.65625,3,124.58,-50.03,56.29,77.0_3
35.0,77.0,59254.489583333336,59266.65625,4,90.00,-66.56,26.32,77.0_4
35.0,78.0,59268.083333333336,59279.48611111111,1,149.12,-6.65,248.97,78.0_1
35.0,78.0,59268.083333333336,59279.48611111111,2,139.52,-28.87,245.98,78.0_2
35.0,78.0,59268.083333333336,59279.48611111111,3,124.58,-50.03,56.29,78.0_3
35.0,78.0,59268.083333333336,59279.48611111111,4,90.00,-66.56,26.32,78.0_4
36.0,79.0,59280.40277777778,59292.36111111111,1,172.19,-16.27,245.52,79.0_1
36.0,79.0,59280.40277777778,59292.36111111111,2,159.89,-37.69,239.83,79.0_2
36.0,79.0,59280.40277777778,59292.36111111111,3,137.97,-56.80,43.41,79.0_3
36.0,79.0,59280.40277777778,59292.36111111111,4,90.00,-66.56,0.50,79.0_4
36.0,80.0,59293.291666666664,59305.49652777778,1,172.19,-16.27,245.52,80.0_1
36.0,80.0,59293.291666666664,59305.49652777778,2,159.89,-37.69,239.83,80.0_2
36.0,80.0,59293.291666666664,59305.49652777778,3,137.97,-56.80,43.41,80.0_3
36.0,80.0,59293.291666666664,59305.49652777778,4,90.00,-66.56,0.50,80.0_4
37.0,81.0,59306.739583333336,59318.538194444445,1,196.22,-26.44,246.32,81.0_1
37.0,81.0,59306.739583333336,59318.538194444445,2,182.16,-47.75,237.67,81.0_2
37.0,81.0,59306.739583333336,59318.538194444445,3,151.00,-65.14,31.21,81.0_3
37.0,81.0,59306.739583333336,59318.538194444445,4,90.00,-66.56,334.70,81.0_4
37.0,82.0,59319.51736111111,59332.086805555555,1,196.22,-26.44,246.32,82.0_1
37.0,82.0,59319.51736111111,59332.086805555555,2,182.16,-47.75,237.67,82.0_2
37.0,82.0,59319.51736111111,59332.086805555555,3,151.00,-65.14,31.21,82.0_3
37.0,82.0,59319.51736111111,59332.086805555555,4,90.00,-66.56,334.70,82.0_4
38.0,83.0,59333.354166666664,59345.84027777778,1,223.78,-35.52,252.42,83.0_1
38.0,83.0,59333.354166666664,59345.84027777778,2,210.45,-57.81,242.52,83.0_2
38.0,83.0,59333.354166666664,59345.84027777778,3,164.45,-74.88,19.59,83.0_3
38.0,83.0,59333.354166666664,59345.84027777778,4,90.00,-66.56,308.17,83.0_4
38.0,84.0,59346.79861111111,59360.05902777778,1,223.78,-35.52,252.42,84.0_1
38.0,84.0,59346.79861111111,59360.05902777778,2,210.45,-57.81,242.52,84.0_2
38.0,84.0,59346.79861111111,59360.05902777778,3,164.45,-74.88,19.59,84.0_3
38.0,84.0,59346.79861111111,59360.05902777778,4,90.00,-66.56,308.17,84.0_4
39.0,85.0,59361.270833333336,59374.364583333336,1,256.42,-40.93,264.36,85.0_1
39.0,85.0,59361.270833333336,59374.364583333336,2,251.04,-64.73,259.98,85.0_2
39.0,85.0,59361.270833333336,59374.364583333336,3,182.47,-85.64,12.32,85.0_3
39.0,85.0,59361.270833333336,59374.364583333336,4,90.01,-66.56,280.76,85.0_4
39.0,86.0,59375.36111111111,59389.225694444445,1,256.42,-40.93,264.36,86.0_1
39.0,86.0,59375.36111111111,59389.225694444445,2,251.04,-64.73,259.98,86.0_2
39.0,86.0,59375.36111111111,59389.225694444445,3,182.47,-85.64,12.32,86.0_3
39.0,86.0,59375.36111111111,59389.225694444445,4,90.01,-66.56,280.76,86.0_4
40.0,87.0,59390.15277777778,59403.90625,1,282.30,26.28,97.42,87.0_1
40.0,87.0,59390.15277777778,59403.90625,2,277.61,50.01,100.38,87.0_2
40.0,87.0,59390.15277777778,59403.90625,3,262.98,73.14,293.53,87.0_3
40.0,87.0,59390.15277777778,59403.90625,4,143.44,79.24,51.66,87.0_4
40.0,88.0,59404.82986111111,59418.36111111111,1,282.30,26.28,97.42,88.0_1
40.0,88.0,59404.82986111111,59418.36111111111,2,277.61,50.01,100.38,88.0_2
40.0,88.0,59404.82986111111,59418.36111111111,3,262.98,73.14,293.53,88.0_3
40.0,88.0,59404.82986111111,59418.36111111111,4,143.44,79.24,51.66,88.0_4
41.0,89.0,59419.489583333336,59432.10763888889,1,301.95,30.34,108.71,89.0_1
41.0,89.0,59419.489583333336,59432.10763888889,2,289.56,52.55,117.09,89.0_2
41.0,89.0,59419.489583333336,59432.10763888889,3,254.91,70.99,328.21,89.0_3
41.0,89.0,59419.489583333336,59432.10763888889,4,180.26,68.99,39.45,89.0_4
41.0,90.0,59433.21875,59446.086805555555,1,301.95,30.34,108.71,90.0_1
41.0,90.0,59433.21875,59446.086805555555,2,289.56,52.55,117.09,90.0_2
41.0,90.0,59433.21875,59446.086805555555,3,254.91,70.99,328.21,90.0_3
41.0,90.0,59433.21875,59446.086805555555,4,180.26,68.99,39.45,90.0_4
42.0,91.0,59447.19097222222,59459.8125,1,339.85,-7.88,22.34,91.0_1
42.0,91.0,59447.19097222222,59459.8125,2,1.96,1.59,23.57,91.0_2
42.0,91.0,59447.19097222222,59459.8125,3,24.27,10.84,201.11,91.0_3
42.0,91.0,59447.19097222222,59459.8125,4,47.84,18.40,195.07,91.0_4
42.0,92.0,59460.739583333336,59472.666666666664,1,339.85,-7.88,22.34,92.0_1
42.0,92.0,59460.739583333336,59472.666666666664,2,1.96,1.59,23.57,92.0_2
42.0,92.0,59460.739583333336,59472.666666666664,3,24.27,10.84,201.11,92.0_3
42.0,92.0,59460.739583333336,59472.666666666664,4,47.84,18.40,195.07,92.0_4
43.0,93.0,59473.666666666664,59485.635416666664,1,14.64,6.87,23.04,93.0_1
43.0,93.0,59473.666666666664,59485.635416666664,2,37.49,15.50,18.54,93.0_2
43.0,93.0,59473.666666666664,59485.635416666664,3,62.01,21.64,190.61,93.0_3
43.0,93.0,59473.666666666664,59485.635416666664,4,87.95,23.99,180.40,93.0_4
43.0,94.0,59486.680555555555,59498.395833333336,1,14.64,6.87,23.04,94.0_1
43.0,94.0,59486.680555555555,59498.395833333336,2,37.49,15.50,18.54,94.0_2
43.0,94.0,59486.680555555555,59498.395833333336,3,62.01,21.64,190.61,94.0_3
43.0,94.0,59486.680555555555,59498.395833333336,4,87.95,23.99,180.40,94.0_4
44.0,95.0,59499.6875,59511.23263888889,1,51.11,19.23,14.87,95.0_1
44.0,95.0,59499.6875,59511.23263888889,2,76.50,23.54,5.47,95.0_2
44.0,95.0,59499.6875,59511.23263888889,3,102.72,23.61,174.83,95.0_3
44.0,95.0,59499.6875,59511.23263888889,4,128.16,19.41,165.36,95.0_4
44.0,96.0,59512.70138888889,59523.947916666664,1,51.11,19.23,14.87,96.0_1
44.0,96.0,59512.70138888889,59523.947916666664,2,76.50,23.54,5.47,96.0_2
44.0,96.0,59512.70138888889,59523.947916666664,3,102.72,23.61,174.83,96.0_3
44.0,96.0,59512.70138888889,59523.947916666664,4,128.16,19.41,165.36,96.0_4
45.0,97.0,59525.006944444445,59537.48611111111,1,91.85,23.99,359.67,97.0_1
45.0,97.0,59525.006944444445,59537.48611111111,2,117.81,21.67,349.45,97.0_2
45.0,97.0,59525.006944444445,59537.48611111111,3,142.33,15.56,161.50,97.0_3
45.0,97.0,59525.006944444445,59537.48611111111,4,165.20,6.93,156.97,97.0_4
45.0,98.0,59538.64236111111,59550.131944444445,1,91.85,23.99,359.67,98.0_1
45.0,98.0,59538.64236111111,59550.131944444445,2,117.81,21.67,349.45,98.0_2
45.0,98.0,59538.64236111111,59550.131944444445,3,142.33,15.56,161.50,98.0_3
45.0,98.0,59538.64236111111,59550.131944444445,4,165.20,6.93,156.97,98.0_4
46.0,99.0,59551.06597222222,59564.125,1,121.93,20.78,348.27,99.0_1
46.0,99.0,59551.06597222222,59564.125,2,146.19,14.28,340.85,99.0_2
46.0,99.0,59551.06597222222,59564.125,3,168.90,5.51,156.88,99.0_3
46.0,99.0,59551.06597222222,59564.125,4,190.92,-4.08,156.60,99.0_4
46.0,100.0,59565.51736111111,59578.27777777778,1,121.93,20.78,348.27,100.0_1
46.0,100.0,59565.51736111111,59578.27777777778,2,146.19,14.28,340.85,100.0_2
46.0,100.0,59565.51736111111,59578.27777777778,3,168.90,5.51,156.88,100.0_3
46.0,100.0,59565.51736111111,59578.27777777778,4,190.92,-4.08,156.60,100.0_4
47.0,101.0,59579.302083333336,59592.46875,1,119.09,39.11,78.27,101.0_1
47.0,101.0,59579.302083333336,59592.46875,2,129.33,62.28,70.17,101.0_2
47.0,101.0,59579.302083333336,59592.46875,3,187.34,80.64,194.10,101.0_3
47.0,101.0,59579.302083333336,59592.46875,4,270.00,66.56,113.37,101.0_4
47.0,102.0,59593.37847222222,59606.447916666664,1,119.09,39.11,78.27,102.0_1
47.0,102.0,59593.37847222222,59606.447916666664,2,129.33,62.28,70.17,102.0_2
47.0,102.0,59593.37847222222,59606.447916666664,3,187.34,80.64,194.10,102.0_3
47.0,102.0,59593.37847222222,59606.447916666664,4,270.00,66.56,113.37,102.0_4
48.0,103.0,59607.43402777778,59621.135416666664,1,151.83,30.83,68.36,103.0_1
48.0,103.0,59607.43402777778,59621.135416666664,2,166.08,52.45,58.70,103.0_2
48.0,103.0,59607.43402777778,59621.135416666664,3,203.00,69.41,205.82,103.0_3
48.0,103.0,59607.43402777778,59621.135416666664,4,270.00,66.56,142.75,103.0_4
48.0,104.0,59622.54513888889,59635.493055555555,1,151.83,30.83,68.36,104.0_1
48.0,104.0,59622.54513888889,59635.493055555555,2,166.08,52.45,58.70,104.0_2
48.0,104.0,59622.54513888889,59635.493055555555,3,203.00,69.41,205.82,104.0_3
48.0,104.0,59622.54513888889,59635.493055555555,4,270.00,66.56,142.75,104.0_4
49.0,105.0,59636.97222222222,59649.95138888889,1,179.67,19.82,65.28,105.0_1
49.0,105.0,59636.97222222222,59649.95138888889,2,192.72,41.10,58.53,105.0_2
49.0,105.0,59636.97222222222,59649.95138888889,3,217.48,59.54,219.10,105.0_3
49.0,105.0,59636.97222222222,59649.95138888889,4,270.00,66.56,171.55,105.0_4
49.0,106.0,59650.916666666664,59663.822916666664,1,179.67,19.82,65.28,106.0_1
49.0,106.0,59650.916666666664,59663.822916666664,2,192.72,41.10,58.53,106.0_2
49.0,106.0,59650.916666666664,59663.822916666664,3,217.48,59.54,219.10,106.0_3
49.0,106.0,59650.916666666664,59663.822916666664,4,270.00,66.56,171.55,106.0_4
50.0,107.0,59664.770833333336,59677.90972222222,1,204.39,9.21,67.61,107.0_1
50.0,107.0,59664.770833333336,59677.90972222222,2,214.82,31.16,63.94,107.0_2
50.0,107.0,59664.770833333336,59677.90972222222,3,231.60,51.76,232.60,107.0_3
50.0,107.0,59664.770833333336,59677.90972222222,4,270.00,66.56,199.04,107.0_4
50.0,108.0,59678.80902777778,59691.01736111111,1,204.39,9.21,67.61,108.0_1
50.0,108.0,59678.80902777778,59691.01736111111,2,214.82,31.16,63.94,108.0_2
50.0,108.0,59678.80902777778,59691.01736111111,3,231.60,51.76,232.60,108.0_3
50.0,108.0,59678.80902777778,59691.01736111111,4,270.00,66.56,199.04,108.0_4
51.0,109.0,59692.447916666664,59704.20138888889,1,227.75,0.91,73.67,109.0_1
51.0,109.0,59692.447916666664,59704.20138888889,2,234.94,23.88,72.09,109.0_2
51.0,109.0,59692.447916666664,59704.20138888889,3,245.38,46.36,245.95,109.0_3
51.0,109.0,59692.447916666664,59704.20138888889,4,270.00,66.56,225.02,109.0_4
51.0,110.0,59705.18402777778,59717.041666666664,1,227.75,0.91,73.67,110.0_1
51.0,110.0,59705.18402777778,59717.041666666664,2,234.94,23.88,72.09,110.0_2
51.0,110.0,59705.18402777778,59717.041666666664,3,245.38,46.36,245.95,110.0_3
51.0,110.0,59705.18402777778,59717.041666666664,4,270.00,66.56,225.02,110.0_4
52.0,111.0,59718.135416666664,59729.80902777778,1,255.37,26.58,81.19,111.0_1
52.0,111.0,59718.135416666664,59729.80902777778,2,260.96,50.20,77.65,111.0_2
52.0,111.0,59718.135416666664,59729.80902777778,3,278.24,72.97,242.12,111.0_3
52.0,111.0,59718.135416666664,59729.80902777778,4,30.09,78.17,131.93,111.0_4
52.0,112.0,59730.947916666664,59742.583333333336,1,255.37,26.58,81.19,112.0_1
52.0,112.0,59730.947916666664,59742.583333333336,2,260.96,50.20,77.65,112.0_2
52.0,112.0,59730.947916666664,59742.583333333336,3,278.24,72.97,242.12,112.0_3
52.0,112.0,59730.947916666664,59742.583333333336,4,30.09,78.17,131.93,112.0_4
53.0,113.0,59743.49652777778,59755.50347222222,1,273.21,25.61,91.94,113.0_1
53.0,113.0,59743.49652777778,59755.50347222222,2,271.99,49.59,92.70,113.0_2
53.0,113.0,59743.49652777778,59755.50347222222,3,268.11,73.53,276.19,113.0_3
53.0,113.0,59743.49652777778,59755.50347222222,4,106.92,82.18,77.02,113.0_4
53.0,114.0,59756.413194444445,59768.48611111111,1,273.21,25.61,91.94,114.0_1
53.0,114.0,59756.413194444445,59768.48611111111,2,271.99,49.59,92.70,114.0_2
53.0,114.0,59756.413194444445,59768.48611111111,3,268.11,73.53,276.19,114.0_3
53.0,114.0,59756.413194444445,59768.48611111111,4,106.92,82.18,77.02,114.0_4
54.0,115.0,59769.399305555555,59781.84375,1,297.99,-2.61,101.32,115.0_1
54.0,115.0,59769.399305555555,59781.84375,2,293.09,20.90,102.11,115.0_2
54.0,115.0,59769.399305555555,59781.84375,3,286.25,44.22,285.87,115.0_3
54.0,115.0,59769.399305555555,59781.84375,4,270.01,66.56,299.53,115.0_4
54.0,116.0,59783.052083333336,59795.635416666664,1,297.99,-2.61,101.32,116.0_1
54.0,116.0,59783.052083333336,59795.635416666664,2,293.09,20.90,102.11,116.0_2
54.0,116.0,59783.052083333336,59795.635416666664,3,286.25,44.22,285.87,116.0_3
54.0,116.0,59783.052083333336,59795.635416666664,4,270.01,66.56,299.53,116.0_4
55.0,117.0,59796.600694444445,59809.46527777778,1,322.03,4.06,109.25,117.0_1
55.0,117.0,59796.600694444445,59809.46527777778,2,313.41,26.60,111.58,117.0_2
55.0,117.0,59796.600694444445,59809.46527777778,3,300.40,48.35,299.65,117.0_3
55.0,117.0,59796.600694444445,59809.46527777778,4,270.00,66.57,325.77,117.0_4
55.0,118.0,59810.37152777778,59823.770833333336,1,322.03,4.06,109.25,118.0_1
55.0,118.0,59810.37152777778,59823.770833333336,2,313.41,26.60,111.58,118.0_2
55.0,118.0,59810.37152777778,59823.770833333336,3,300.40,48.35,299.65,118.0_3
55.0,118.0,59810.37152777778,59823.770833333336,4,270.00,66.57,325.77,118.0_4
56.0,119.0,59824.756944444445,59831.23263888889,1,345.36,14.96,114.99,119.0_1
56.0,119.0,59824.756944444445,59831.23263888889,2,333.05,36.30,120.43,119.0_2
56.0,119.0,59824.756944444445,59831.23263888889,3,311.76,55.43,316.01,119.0_3
56.0,119.0,59824.756944444445,59831.23263888889,4,266.08,65.86,356.48,119.0_4
56.0,119.0,59831.44097222222,59838.020833333336,1,345.36,14.96,114.99,119.0_1
56.0,119.0,59831.44097222222,59838.020833333336,2,333.05,36.30,120.43,119.0_2
56.0,119.0,59831.44097222222,59838.020833333336,3,311.76,55.43,316.01,119.0_3
56.0,119.0,59831.44097222222,59838.020833333336,4,266.08,65.86,356.48,119.0_4
56.0,120.0,59838.229166666664,59845.385416666664,1,11.28,26.11,115.34,120.0_1
56.0,120.0,59838.229166666664,59845.385416666664,2,356.47,47.06,124.35,120.0_2
56.0,120.0,59838.229166666664,59845.385416666664,3,325.10,63.84,330.67,120.0_3
56.0,120.0,59838.229166666664,59845.385416666664,4,267.38,65.20,23.58,120.0_4
56.0,120.0,59845.59027777778,59852.645833333336,1,11.28,26.11,115.34,120.0_1
56.0,120.0,59845.59027777778,59852.645833333336,2,356.47,47.06,124.35,120.0_2
56.0,120.0,59845.59027777778,59852.645833333336,3,325.10,63.84,330.67,120.0_3
56.0,120.0,59845.59027777778,59852.645833333336,4,267.38,65.20,23.58,120.0_4
57.0,121.0,59852.854166666664,59860.083333333336,1,40.55,36.24,109.60,121.0_1
57.0,121.0,59852.854166666664,59860.083333333336,2,25.58,58.12,120.81,121.0_2
57.0,121.0,59852.854166666664,59860.083333333336,3,337.32,73.79,345.69,121.0_3
57.0,121.0,59852.854166666664,59860.083333333336,4,269.23,64.86,50.44,121.0_4
57.0,121.0,59860.291666666664,59866.75347222222,1,40.55,36.24,109.60,121.0_1
57.0,121.0,59860.291666666664,59866.75347222222,2,25.58,58.12,120.81,121.0_2
57.0,121.0,59860.291666666664,59866.75347222222,3,337.32,73.79,345.69,121.0_3
57.0,121.0,59860.291666666664,59866.75347222222,4,269.23,64.86,50.44,121.0_4
57.0,122.0,59866.961805555555,59874.114583333336,1,73.73,42.23,97.69,122.0_1
57.0,122.0,59866.961805555555,59874.114583333336,2,66.08,65.85,104.01,122.0_2
57.0,122.0,59866.961805555555,59874.114583333336,3,344.03,84.29,4.86,122.0_3
57.0,122.0,59866.961805555555,59874.114583333336,4,271.19,64.90,76.49,122.0_4
57.0,122.0,59874.322916666664,59881.62152777778,1,73.73,42.23,97.69,122.0_1
57.0,122.0,59874.322916666664,59881.62152777778,2,66.08,65.85,104.01,122.0_2
57.0,122.0,59874.322916666664,59881.62152777778,3,344.03,84.29,4.86,122.0_3
57.0,122.0,59874.322916666664,59881.62152777778,4,271.19,64.90,76.49,122.0_4
58.0,123.0,59881.82986111111,59888.930555555555,1,107.90,42.08,83.45,123.0_1
58.0,123.0,59881.82986111111,59888.930555555555,2,114.40,65.80,78.08,123.0_2
58.0,123.0,59881.82986111111,59888.930555555555,3,196.61,85.14,176.90,123.0_3
58.0,123.0,59881.82986111111,59888.930555555555,4,272.86,65.28,101.68,123.0_4
58.0,123.0,59889.13888888889,59895.5625,1,107.90,42.08,83.45,123.0_1
58.0,123.0,59889.13888888889,59895.5625,2,114.40,65.80,78.08,123.0_2
58.0,123.0,59889.13888888889,59895.5625,3,196.61,85.14,176.90,123.0_3
58.0,123.0,59889.13888888889,59895.5625,4,272.86,65.28,101.68,123.0_4
58.0,124.0,59895.770833333336,59902.89236111111,1,128.39,-1.39,255.71,124.0_1
58.0,124.0,59895.770833333336,59902.89236111111,2,122.05,-24.59,254.25,124.0_2
58.0,124.0,59895.770833333336,59902.89236111111,3,112.66,-47.41,68.62,124.0_3
58.0,124.0,59895.770833333336,59902.89236111111,4,89.06,-68.26,48.23,124.0_4
58.0,124.0,59903.100694444445,59909.555555555555,1,128.39,-1.39,255.71,124.0_1
58.0,124.0,59903.100694444445,59909.555555555555,2,122.05,-24.59,254.25,124.0_2
58.0,124.0,59903.100694444445,59909.555555555555,3,112.66,-47.41,68.62,124.0_3
58.0,124.0,59903.100694444445,59909.555555555555,4,89.06,-68.26,48.23,124.0_4
59.0,125.0,59909.76388888889,59916.25,1,151.70,-9.27,249.09,125.0_1
59.0,125.0,59909.76388888889,59916.25,2,141.90,-31.48,245.60,125.0_2
59.0,125.0,59909.76388888889,59916.25,3,125.90,-52.46,54.68,125.0_3
59.0,125.0,59909.76388888889,59916.25,4,87.19,-67.91,20.49,125.0_4
59.0,125.0,59916.458333333336,59922.854166666664,1,151.70,-9.27,249.09,125.0_1
59.0,125.0,59916.458333333336,59922.854166666664,2,141.90,-31.48,245.60,125.0_2
59.0,125.0,59916.458333333336,59922.854166666664,3,125.90,-52.46,54.68,125.0_3
59.0,125.0,59916.458333333336,59922.854166666664,4,87.19,-67.91,20.49,125.0_4
59.0,126.0,59923.0625,59929.78472222222,1,175.21,-19.25,246.03,126.0_1
59.0,126.0,59923.0625,59929.78472222222,2,162.62,-40.70,239.61,126.0_2
59.0,126.0,59923.0625,59929.78472222222,3,138.70,-59.51,40.90,126.0_3
59.0,126.0,59923.0625,59929.78472222222,4,85.97,-67.27,353.01,126.0_4
59.0,126.0,59929.993055555555,59936.194444444445,1,175.21,-19.25,246.03,126.0_1
59.0,126.0,59929.993055555555,59936.194444444445,2,162.62,-40.70,239.61,126.0_2
59.0,126.0,59929.993055555555,59936.194444444445,3,138.70,-59.51,40.90,126.0_3
59.0,126.0,59929.993055555555,59936.194444444445,4,85.97,-67.27,353.01,126.0_4
60.0,127.0,59936.40277777778,59943.211805555555,1,200.61,-29.76,247.64,127.0_1
60.0,127.0,59936.40277777778,59943.211805555555,2,186.29,-51.26,238.14,127.0_2
60.0,127.0,59936.40277777778,59943.211805555555,3,150.90,-68.24,27.00,127.0_3
60.0,127.0,59936.40277777778,59943.211805555555,4,85.66,-66.48,325.85,127.0_4
60.0,127.0,59943.42013888889,59949.274305555555,1,200.61,-29.76,247.64,127.0_1
60.0,127.0,59943.42013888889,59949.274305555555,2,186.29,-51.26,238.14,127.0_2
60.0,127.0,59943.42013888889,59949.274305555555,3,150.90,-68.24,27.00,127.0_3
60.0,127.0,59943.42013888889,59949.274305555555,4,85.66,-66.48,325.85,127.0_4
60.0,128.0,59949.48263888889,59955.75,1,230.04,-38.58,255.17,128.0_1
60.0,128.0,59949.48263888889,59955.75,2,217.52,-61.29,245.39,128.0_2
60.0,128.0,59949.48263888889,59955.75,3,161.56,-78.20,11.91,128.0_3
60.0,128.0,59949.48263888889,59955.75,4,86.29,-65.70,299.08,128.0_4
60.0,128.0,59955.958333333336,59962.09027777778,1,230.04,-38.58,255.17,128.0_1
60.0,128.0,59955.958333333336,59962.09027777778,2,217.52,-61.29,245.39,128.0_2
60.0,128.0,59955.958333333336,59962.09027777778,3,161.56,-78.20,11.91,128.0_3
60.0,128.0,59955.958333333336,59962.09027777778,4,86.29,-65.70,299.08,128.0_4
61.0,129.0,59962.29861111111,59968.84027777778,1,264.05,-42.85,268.39,129.0_1
61.0,129.0,59962.29861111111,59968.84027777778,2,262.38,-66.83,267.00,129.0_2
61.0,129.0,59962.29861111111,59968.84027777778,3,139.09,-88.54,323.95,129.0_3
61.0,129.0,59962.29861111111,59968.84027777778,4,87.69,-65.11,272.81,129.0_4
61.0,129.0,59969.04861111111,59974.70486111111,1,264.05,-42.85,268.39,129.0_1
61.0,129.0,59969.04861111111,59974.70486111111,2,262.38,-66.83,267.00,129.0_2
61.0,129.0,59969.04861111111,59974.70486111111,3,139.09,-88.54,323.95,129.0_3
61.0,129.0,59969.04861111111,59974.70486111111,4,87.69,-65.11,272.81,129.0_4
61.0,130.0,59974.913194444445,59981.697916666664,1,298.62,-40.72,282.56,130.0_1
61.0,130.0,59974.913194444445,59981.697916666664,2,310.15,-63.75,291.88,130.0_2
61.0,130.0,59974.913194444445,59981.697916666664,3,16.76,-80.49,176.45,130.0_3
61.0,130.0,59974.913194444445,59981.697916666664,4,89.51,-64.84,247.19,130.0_4
61.0,130.0,59981.90625,59987.73263888889,1,298.62,-40.72,282.56,130.0_1
61.0,130.0,59981.90625,59987.73263888889,2,310.15,-63.75,291.88,130.0_2
61.0,130.0,59981.90625,59987.73263888889,3,16.76,-80.49,176.45,130.0_3
61.0,130.0,59981.90625,59987.73263888889,4,89.51,-64.84,247.19,130.0_4
62.0,131.0,59987.94097222222,59994.38888888889,1,328.77,-33.46,292.05,131.0_1
62.0,131.0,59987.94097222222,59994.38888888889,2,344.18,-54.91,303.01,131.0_2
62.0,131.0,59987.94097222222,59994.38888888889,3,26.18,-70.66,161.04,131.0_3
62.0,131.0,59987.94097222222,59994.38888888889,4,91.37,-64.93,222.35,131.0_4
62.0,131.0,59994.59722222222,60000.430555555555,1,328.77,-33.46,292.05,131.0_1
62.0,131.0,59994.59722222222,60000.430555555555,2,344.18,-54.91,303.01,131.0_2
62.0,131.0,59994.59722222222,60000.430555555555,3,26.18,-70.66,161.04,131.0_3
62.0,131.0,59994.59722222222,60000.430555555555,4,91.37,-64.93,222.35,131.0_4
62.0,132.0,60000.63888888889,60007.041666666664,1,354.17,-23.84,295.72,132.0_1
62.0,132.0,60000.63888888889,60007.041666666664,2,8.57,-44.78,304.00,132.0_2
62.0,132.0,60000.63888888889,60007.041666666664,3,37.54,-61.99,147.69,132.0_3
62.0,132.0,60000.63888888889,60007.041666666664,4,92.95,-65.32,198.11,132.0_4
62.0,132.0,60007.25,60013.65972222222,1,354.17,-23.84,295.72,132.0_1
62.0,132.0,60007.25,60013.65972222222,2,8.57,-44.78,304.00,132.0_2
62.0,132.0,60007.25,60013.65972222222,3,37.54,-61.99,147.69,132.0_3
62.0,132.0,60007.25,60013.65972222222,4,92.95,-65.32,198.11,132.0_4
63.0,133.0,60013.868055555555,60020.694444444445,1,350.71,-4.62,22.70,133.0_1
63.0,133.0,60013.868055555555,60020.694444444445,2,12.83,4.76,22.67,133.0_2
63.0,133.0,60013.868055555555,60020.694444444445,3,35.53,13.41,199.03,133.0_3
63.0,133.0,60013.868055555555,60020.694444444445,4,59.67,19.93,192.00,133.0_4
63.0,133.0,60020.90277777778,60026.899305555555,1,350.71,-4.62,22.70,133.0_1
63.0,133.0,60020.90277777778,60026.899305555555,2,12.83,4.76,22.67,133.0_2
63.0,133.0,60020.90277777778,60026.899305555555,3,35.53,13.41,199.03,133.0_3
63.0,133.0,60020.90277777778,60026.899305555555,4,59.67,19.93,192.00,133.0_4
63.0,134.0,60027.10763888889,60033.59722222222,1,40.03,14.98,17.32,134.0_1
63.0,134.0,60027.10763888889,60033.59722222222,2,64.55,20.68,9.69,134.0_2
63.0,134.0,60027.10763888889,60033.59722222222,3,90.32,22.75,180.02,134.0_3
63.0,134.0,60027.10763888889,60033.59722222222,4,116.10,20.69,170.34,134.0_4
63.0,134.0,60033.805555555555,60040.40625,1,40.03,14.98,17.32,134.0_1
63.0,134.0,60033.805555555555,60040.40625,2,64.55,20.68,9.69,134.0_2
63.0,134.0,60033.805555555555,60040.40625,3,90.32,22.75,180.02,134.0_3
63.0,134.0,60033.805555555555,60040.40625,4,116.10,20.69,170.34,134.0_4
64.0,135.0,60040.614583333336,60047.62152777778,1,95.97,22.75,357.22,135.0_1
64.0,135.0,60040.614583333336,60047.62152777778,2,121.51,19.58,347.85,135.0_2
64.0,135.0,60040.614583333336,60047.62152777778,3,145.60,13.03,160.99,135.0_3
64.0,135.0,60040.614583333336,60047.62152777778,4,168.29,4.41,157.49,135.0_4
64.0,135.0,60047.82986111111,60054.586805555555,1,95.97,22.75,357.22,135.0_1
64.0,135.0,60047.82986111111,60054.586805555555,2,121.51,19.58,347.85,135.0_2
64.0,135.0,60047.82986111111,60054.586805555555,3,145.60,13.03,160.99,135.0_3
64.0,135.0,60047.82986111111,60054.586805555555,4,168.29,4.41,157.49,135.0_4
64.0,136.0,60054.79513888889,60061.725694444445,1,87.11,42.92,92.12,136.0_1
64.0,136.0,60054.79513888889,60061.725694444445,2,84.92,66.89,93.95,136.0_2
64.0,136.0,60054.79513888889,60061.725694444445,3,327.32,88.19,31.22,136.0_3
64.0,136.0,60054.79513888889,60061.725694444445,4,271.88,65.01,86.33,136.0_4
64.0,136.0,60061.93402777778,60068.03125,1,87.11,42.92,92.12,136.0_1
64.0,136.0,60061.93402777778,60068.03125,2,84.92,66.89,93.95,136.0_2
64.0,136.0,60061.93402777778,60068.03125,3,327.32,88.19,31.22,136.0_3
64.0,136.0,60061.93402777778,60068.03125,4,271.88,65.01,86.33,136.0_4
65.0,137.0,60068.239583333336,60075.475694444445,1,137.52,66.78,64.51,137.0_1
65.0,137.0,60068.239583333336,60075.475694444445,2,220.12,79.83,343.99,137.0_2
65.0,137.0,60068.239583333336,60075.475694444445,3,275.32,61.57,110.87,137.0_3
65.0,137.0,60068.239583333336,60075.475694444445,4,286.00,38.50,102.52,137.0_4
65.0,137.0,60075.68402777778,60082.98263888889,1,137.52,66.78,64.51,137.0_1
65.0,137.0,60075.68402777778,60082.98263888889,2,220.12,79.83,343.99,137.0_2
65.0,137.0,60075.68402777778,60082.98263888889,3,275.32,61.57,110.87,137.0_3
65.0,137.0,60075.68402777778,60082.98263888889,4,286.00,38.50,102.52,137.0_4
65.0,138.0,60083.19097222222,60089.760416666664,1,171.87,56.84,54.60,138.0_1
65.0,138.0,60083.19097222222,60089.760416666664,2,218.55,71.10,11.91,138.0_2
65.0,138.0,60083.19097222222,60089.760416666664,3,280.01,63.06,134.38,138.0_3
65.0,138.0,60083.19097222222,60089.760416666664,4,302.93,43.06,115.70,138.0_4
65.0,138.0,60089.96875,60096.96527777778,1,171.87,56.84,54.60,138.0_1
65.0,138.0,60089.96875,60096.96527777778,2,218.55,71.10,11.91,138.0_2
65.0,138.0,60089.96875,60096.96527777778,3,280.01,63.06,134.38,138.0_3
65.0,138.0,60089.96875,60096.96527777778,4,302.93,43.06,115.70,138.0_4
66.0,139.0,60097.17361111111,60104.395833333336,1,196.64,45.81,55.91,139.0_1
66.0,139.0,60097.17361111111,60104.395833333336,2,226.62,62.86,31.10,139.0_2
66.0,139.0,60097.17361111111,60104.395833333336,3,283.20,65.34,159.42,139.0_3
66.0,139.0,60097.17361111111,60104.395833333336,4,319.88,50.40,127.80,139.0_4
66.0,139.0,60104.604166666664,60111.48263888889,1,196.64,45.81,55.91,139.0_1
66.0,139.0,60104.604166666664,60111.48263888889,2,226.62,62.86,31.10,139.0_2
66.0,139.0,60104.604166666664,60111.48263888889,3,283.20,65.34,159.42,139.0_3
66.0,139.0,60104.604166666664,60111.48263888889,4,319.88,50.40,127.80,139.0_4
66.0,140.0,60111.69097222222,60118.583333333336,1,218.00,35.99,62.60,140.0_1
66.0,140.0,60111.69097222222,60118.583333333336,2,237.55,56.00,48.26,140.0_2
66.0,140.0,60111.69097222222,60118.583333333336,3,283.80,67.98,186.73,140.0_3
66.0,140.0,60111.69097222222,60118.583333333336,4,337.36,59.86,137.85,140.0_4
66.0,140.0,60118.75,60125.93402777778,1,218.00,35.99,62.60,140.0_1
66.0,140.0,60118.75,60125.93402777778,2,237.55,56.00,48.26,140.0_2
66.0,140.0,60118.75,60125.93402777778,3,283.80,67.98,186.73,140.0_3
66.0,140.0,60118.75,60125.93402777778,4,337.36,59.86,137.85,140.0_4
67.0,141.0,60126.14236111111,60132.62152777778,1,238.24,28.71,72.20,141.0_1
67.0,141.0,60126.14236111111,60132.62152777778,2,249.67,51.12,64.71,141.0_2
67.0,141.0,60126.14236111111,60132.62152777778,3,280.85,70.39,216.96,141.0_3
67.0,141.0,60126.14236111111,60132.62152777778,4,357.65,70.50,143.46,141.0_4
67.0,141.0,60132.82986111111,60139.756944444445,1,238.24,28.71,72.20,141.0_1
67.0,141.0,60132.82986111111,60139.756944444445,2,249.67,51.12,64.71,141.0_2
67.0,141.0,60132.82986111111,60139.756944444445,3,280.85,70.39,216.96,141.0_3
67.0,141.0,60132.82986111111,60139.756944444445,4,357.65,70.50,143.46,141.0_4
67.0,142.0,60139.96527777778,60147.211805555555,1,258.01,24.74,83.22,142.0_1
67.0,142.0,60139.96527777778,60147.211805555555,2,262.17,48.51,80.69,142.0_2
67.0,142.0,60139.96527777778,60147.211805555555,3,274.36,71.85,249.88,142.0_3
67.0,142.0,60139.96527777778,60147.211805555555,4,33.61,80.77,131.93,142.0_4
67.0,142.0,60147.42013888889,60153.90277777778,1,258.01,24.74,83.22,142.0_1
67.0,142.0,60147.42013888889,60153.90277777778,2,262.17,48.51,80.69,142.0_2
67.0,142.0,60147.42013888889,60153.90277777778,3,274.36,71.85,249.88,142.0_3
67.0,142.0,60147.42013888889,60153.90277777778,4,33.61,80.77,131.93,142.0_4
68.0,143.0,60154.11111111111,60161.27777777778,1,278.93,-3.64,94.65,143.0_1
68.0,143.0,60154.11111111111,60161.27777777778,2,276.91,20.28,94.95,143.0_2
68.0,143.0,60154.11111111111,60161.27777777778,3,274.11,44.17,276.48,143.0_3
68.0,143.0,60154.11111111111,60161.27777777778,4,267.10,67.88,282.42,143.0_4
68.0,143.0,60161.48611111111,60167.77777777778,1,278.93,-3.64,94.65,143.0_1
68.0,143.0,60161.48611111111,60167.77777777778,2,276.91,20.28,94.95,143.0_2
68.0,143.0,60161.48611111111,60167.77777777778,3,274.11,44.17,276.48,143.0_3
68.0,143.0,60161.48611111111,60167.77777777778,4,267.10,67.88,282.42,143.0_4
68.0,144.0,60167.98611111111,60174.53125,1,302.54,-0.09,104.02,144.0_1
68.0,144.0,60167.98611111111,60174.53125,2,296.39,23.16,105.27,144.0_2
68.0,144.0,60167.98611111111,60174.53125,3,287.51,46.06,290.43,144.0_3
68.0,144.0,60167.98611111111,60174.53125,4,265.96,67.26,308.80,144.0_4
68.0,144.0,60174.697916666664,60181.645833333336,1,302.54,-0.09,104.02,144.0_1
68.0,144.0,60174.697916666664,60181.645833333336,2,296.39,23.16,105.27,144.0_2
68.0,144.0,60174.697916666664,60181.645833333336,3,287.51,46.06,290.43,144.0_3
68.0,144.0,60174.697916666664,60181.645833333336,4,265.96,67.26,308.80,144.0_4
69.0,145.0,60181.854166666664,60187.69097222222,1,325.16,6.78,111.16,145.0_1
69.0,145.0,60181.854166666664,60187.69097222222,2,315.49,28.98,114.19,145.0_2
69.0,145.0,60181.854166666664,60187.69097222222,3,300.44,50.10,303.97,145.0_3
69.0,145.0,60181.854166666664,60187.69097222222,4,265.65,66.52,334.11,145.0_4
69.0,145.0,60187.899305555555,60194.5,1,325.16,6.78,111.16,145.0_1
69.0,145.0,60187.899305555555,60194.5,2,315.49,28.98,114.19,145.0_2
69.0,145.0,60187.899305555555,60194.5,3,300.44,50.10,303.97,145.0_3
69.0,145.0,60187.899305555555,60194.5,4,265.65,66.52,334.11,145.0_4
69.0,146.0,60194.708333333336,60201.020833333336,1,347.50,15.88,115.23,146.0_1
69.0,146.0,60194.708333333336,60201.020833333336,2,334.93,37.15,120.95,146.0_2
69.0,146.0,60194.708333333336,60201.020833333336,3,312.93,56.07,317.26,146.0_3
69.0,146.0,60194.708333333336,60201.020833333336,4,266.16,65.80,358.80,146.0_4
69.0,146.0,60201.229166666664,60207.645833333336,1,347.50,15.88,115.23,146.0_1
69.0,146.0,60201.229166666664,60207.645833333336,2,334.93,37.15,120.95,146.0_2
69.0,146.0,60201.229166666664,60207.645833333336,3,312.93,56.07,317.26,146.0_3
69.0,146.0,60201.229166666664,60207.645833333336,4,266.16,65.80,358.80,146.0_4
70.0,147.0,60207.854166666664,60214.052083333336,1,10.83,25.92,115.38,147.0_1
70.0,147.0,60207.854166666664,60214.052083333336,2,356.05,46.88,124.33,147.0_2
70.0,147.0,60207.854166666664,60214.052083333336,3,324.89,63.69,330.42,147.0_3
70.0,147.0,60207.854166666664,60214.052083333336,4,267.35,65.21,23.13,147.0_4
70.0,147.0,60214.260416666664,60220.631944444445,1,10.83,25.92,115.38,147.0_1
70.0,147.0,60214.260416666664,60220.631944444445,2,356.05,46.88,124.33,147.0_2
70.0,147.0,60214.260416666664,60220.631944444445,3,324.89,63.69,330.42,147.0_3
70.0,147.0,60214.260416666664,60220.631944444445,4,267.35,65.21,23.13,147.0_4
70.0,148.0,60220.84027777778,60226.947916666664,1,36.93,35.22,110.61,148.0_1
70.0,148.0,60220.84027777778,60226.947916666664,2,21.73,56.92,121.79,148.0_2
70.0,148.0,60220.84027777778,60226.947916666664,3,336.01,72.58,343.89,148.0_3
70.0,148.0,60220.84027777778,60226.947916666664,4,269.00,64.88,47.35,148.0_4
70.0,148.0,60227.15625,60233.34375,1,36.93,35.22,110.61,148.0_1
70.0,148.0,60227.15625,60233.34375,2,21.73,56.92,121.79,148.0_2
70.0,148.0,60227.15625,60233.34375,3,336.01,72.58,343.89,148.0_3
70.0,148.0,60227.15625,60233.34375,4,269.00,64.88,47.35,148.0_4
71.0,149.0,60233.53472222222,60240.0,1,67.71,41.60,100.11,149.0_1
71.0,149.0,60233.53472222222,60240.0,2,58.01,64.95,108.06,149.0_2
71.0,149.0,60233.53472222222,60240.0,3,344.13,82.46,0.33,149.0_3
71.0,149.0,60233.53472222222,60240.0,4,270.86,64.87,72.00,149.0_4
71.0,149.0,60240.208333333336,60246.51388888889,1,67.71,41.60,100.11,149.0_1
71.0,149.0,60240.208333333336,60246.51388888889,2,58.01,64.95,108.06,149.0_2
71.0,149.0,60240.208333333336,60246.51388888889,3,344.13,82.46,0.33,149.0_3
71.0,149.0,60240.208333333336,60246.51388888889,4,270.86,64.87,72.00,149.0_4
71.0,150.0,60246.72222222222,60252.87847222222,1,100.37,3.53,266.55,150.0_1
71.0,150.0,60246.72222222222,60252.87847222222,2,98.87,-20.42,266.32,150.0_2
71.0,150.0,60246.72222222222,60252.87847222222,3,96.78,-44.36,85.18,150.0_3
71.0,150.0,60246.72222222222,60252.87847222222,4,91.49,-68.20,80.68,150.0_4
71.0,150.0,60253.086805555555,60259.475694444445,1,100.37,3.53,266.55,150.0_1
71.0,150.0,60253.086805555555,60259.475694444445,2,98.87,-20.42,266.32,150.0_2
71.0,150.0,60253.086805555555,60259.475694444445,3,96.78,-44.36,85.18,150.0_3
71.0,150.0,60253.086805555555,60259.475694444445,4,91.49,-68.20,80.68,150.0_4
72.0,151.0,60259.68402777778,60265.854166666664,1,126.72,-0.95,256.29,151.0_1
72.0,151.0,60259.68402777778,60265.854166666664,2,120.65,-24.22,254.94,151.0_2
72.0,151.0,60259.68402777778,60265.854166666664,3,111.71,-47.13,69.61,151.0_3
72.0,151.0,60259.68402777778,60265.854166666664,4,89.21,-68.27,50.20,151.0_4
72.0,151.0,60266.0625,60272.506944444445,1,126.72,-0.95,256.29,151.0_1
72.0,151.0,60266.0625,60272.506944444445,2,120.65,-24.22,254.94,151.0_2
72.0,151.0,60266.0625,60272.506944444445,3,111.71,-47.13,69.61,151.0_3
72.0,151.0,60266.0625,60272.506944444445,4,89.21,-68.27,50.20,151.0_4
72.0,152.0,60272.71527777778,60278.833333333336,1,152.50,-9.59,248.92,152.0_1
72.0,152.0,60272.71527777778,60278.833333333336,2,142.60,-31.76,245.35,152.0_2
72.0,152.0,60272.71527777778,60278.833333333336,3,126.35,-52.67,54.20,152.0_3
72.0,152.0,60272.71527777778,60278.833333333336,4,87.14,-67.89,19.54,152.0_4
72.0,152.0,60279.041666666664,60285.09027777778,1,152.50,-9.59,248.92,152.0_1
72.0,152.0,60279.041666666664,60285.09027777778,2,142.60,-31.76,245.35,152.0_2
72.0,152.0,60279.041666666664,60285.09027777778,3,126.35,-52.67,54.20,152.0_3
72.0,152.0,60279.041666666664,60285.09027777778,4,87.14,-67.89,19.54,152.0_4
73.0,153.0,60285.29861111111,60291.774305555555,1,177.81,-20.39,245.96,153.0_1
73.0,153.0,60285.29861111111,60291.774305555555,2,164.97,-41.80,239.19,153.0_2
73.0,153.0,60285.29861111111,60291.774305555555,3,140.04,-60.38,39.42,153.0_3
73.0,153.0,60285.29861111111,60291.774305555555,4,85.89,-67.19,350.07,153.0_4
73.0,153.0,60291.98263888889,60298.447916666664,1,177.81,-20.39,245.96,153.0_1
73.0,153.0,60291.98263888889,60298.447916666664,2,164.97,-41.80,239.19,153.0_2
73.0,153.0,60291.98263888889,60298.447916666664,3,140.04,-60.38,39.42,153.0_3
73.0,153.0,60291.98263888889,60298.447916666664,4,85.89,-67.19,350.07,153.0_4
73.0,154.0,60298.65625,60305.48263888889,1,192.45,-4.72,337.56,154.0_1
73.0,154.0,60298.65625,60305.48263888889,2,215.17,-13.30,341.17,154.0_2
73.0,154.0,60298.65625,60305.48263888889,3,239.32,-19.75,168.14,154.0_3
73.0,154.0,60298.65625,60305.48263888889,4,264.90,-22.79,177.56,154.0_4
73.0,154.0,60305.69097222222,60312.15625,1,192.45,-4.72,337.56,154.0_1
73.0,154.0,60305.69097222222,60312.15625,2,215.17,-13.30,341.17,154.0_2
73.0,154.0,60305.69097222222,60312.15625,3,239.32,-19.75,168.14,154.0_3
73.0,154.0,60305.69097222222,60312.15625,4,264.90,-22.79,177.56,154.0_4
74.0,155.0,60312.364583333336,60318.76388888889,1,274.03,-22.82,2.01,155.0_1
74.0,155.0,60312.364583333336,60318.76388888889,2,299.65,-19.95,11.49,155.0_2
74.0,155.0,60312.364583333336,60318.76388888889,3,323.86,-13.62,198.59,155.0_3
74.0,155.0,60312.364583333336,60318.76388888889,4,346.64,-5.11,202.36,155.0_4
74.0,155.0,60318.97222222222,60325.354166666664,1,274.03,-22.82,2.01,155.0_1
74.0,155.0,60318.97222222222,60325.354166666664,2,299.65,-19.95,11.49,155.0_2
74.0,155.0,60318.97222222222,60325.354166666664,3,323.86,-13.62,198.59,155.0_3
74.0,155.0,60318.97222222222,60325.354166666664,4,346.64,-5.11,202.36,155.0_4
74.0,156.0,60325.5625,60332.45486111111,1,264.64,-42.87,268.64,156.0_1
74.0,156.0,60325.5625,60332.45486111111,2,263.24,-66.85,267.47,156.0_2
74.0,156.0,60325.5625,60332.45486111111,3,134.32,-88.68,318.76,156.0_3
74.0,156.0,60325.5625,60332.45486111111,4,87.71,-65.11,272.37,156.0_4
74.0,156.0,60332.62152777778,60339.07638888889,1,264.64,-42.87,268.64,156.0_1
74.0,156.0,60332.62152777778,60339.07638888889,2,263.24,-66.85,267.47,156.0_2
74.0,156.0,60332.62152777778,60339.07638888889,3,134.32,-88.68,318.76,156.0_3
74.0,156.0,60332.62152777778,60339.07638888889,4,87.71,-65.11,272.37,156.0_4
75.0,157.0,60339.28472222222,60345.68402777778,1,296.31,-41.07,281.68,157.0_1
75.0,157.0,60339.28472222222,60345.68402777778,2,307.21,-64.22,290.54,157.0_2
75.0,157.0,60339.28472222222,60345.68402777778,3,16.35,-81.22,177.80,157.0_3
75.0,157.0,60339.28472222222,60345.68402777778,4,89.37,-64.85,248.96,157.0_4
75.0,157.0,60345.89236111111,60353.0625,1,296.31,-41.07,281.68,157.0_1
75.0,157.0,60345.89236111111,60353.0625,2,307.21,-64.22,290.54,157.0_2
75.0,157.0,60345.89236111111,60353.0625,3,16.35,-81.22,177.80,157.0_3
75.0,157.0,60345.89236111111,60353.0625,4,89.37,-64.85,248.96,157.0_4
75.0,158.0,60353.270833333336,60359.62847222222,1,324.78,-34.71,291.06,158.0_1
75.0,158.0,60353.270833333336,60359.62847222222,2,340.07,-56.33,302.20,158.0_2
75.0,158.0,60353.270833333336,60359.62847222222,3,24.63,-72.01,163.04,158.0_3
75.0,158.0,60353.270833333336,60359.62847222222,4,91.11,-64.89,225.87,158.0_4
75.0,158.0,60359.836805555555,60366.989583333336,1,324.78,-34.71,291.06,158.0_1
75.0,158.0,60359.836805555555,60366.989583333336,2,340.07,-56.33,302.20,158.0_2
75.0,158.0,60359.836805555555,60366.989583333336,3,24.63,-72.01,163.04,158.0_3
75.0,158.0,60359.836805555555,60366.989583333336,4,91.11,-64.89,225.87,158.0_4
76.0,159.0,60367.197916666664,60373.59027777778,1,349.91,-25.62,295.45,159.0_1
76.0,159.0,60367.197916666664,60373.59027777778,2,4.64,-46.57,304.30,159.0_2
76.0,159.0,60367.197916666664,60373.59027777778,3,35.47,-63.43,150.02,159.0_3
76.0,159.0,60367.197916666664,60373.59027777778,4,92.70,-65.23,202.40,159.0_4
76.0,159.0,60373.79861111111,60380.89236111111,1,349.91,-25.62,295.45,159.0_1
76.0,159.0,60373.79861111111,60380.89236111111,2,4.64,-46.57,304.30,159.0_2
76.0,159.0,60373.79861111111,60380.89236111111,3,35.47,-63.43,150.02,159.0_3
76.0,159.0,60373.79861111111,60380.89236111111,4,92.70,-65.23,202.40,159.0_4
